Campanha,Própria,Imprópria,Muito Boa,Indisponível,Satisfatória
37241,5,1,0,0,0
37141,29,1,0,0,0
37181,14,2,0,0,0
37161,25,4,0,0,0
37121,32,6,0,0,0
37201,6,0,0,0,0
37321,8,0,0,0,0
36961,32,4,0,0,0
37101,6,0,0,0,0
37081,5,1,0,0,0
37061,5,1,0,0,0
37041,14,2,0,0,0
37001,26,3,0,0,0
36981,30,8,0,0,0
36861,25,4,0,0,0
36941,5,1,0,0,0
36821,27,3,0,0,0
36921,6,0,0,0,0
36901,6,0,0,0,0
36881,15,1,0,0,0
36841,31,7,0,0,0
36721,26,3,0,0,0
36701,26,4,0,0,0
36801,5,1,0,0,0
36781,6,0,0,0,0
36741,13,3,0,0,0
36681,24,14,0,0,0
36761,6,0,0,0,0
36621,6,0,0,0,0
36661,28,2,0,0,0
36641,6,0,0,0,0
36601,6,0,0,0,0
36581,16,0,0,0,0
36561,27,2,0,0,0
36521,29,9,0,0,0
36501,6,0,0,0,0
36481,16,0,0,0,0
36461,6,0,0,0,0
36441,5,1,0,0,0
36421,27,2,0,0,0
36401,28,2,0,0,0
36381,26,12,0,0,0
36361,6,0,0,0,0
36341,6,0,0,0,0
36321,6,0,0,0,0
36301,14,2,0,0,0
36281,26,3,0,0,0
36261,29,9,0,0,0
36241,28,3,0,0,0
36161,12,4,0,0,0
36221,6,0,0,0,0
36201,6,0,0,0,0
36101,30,8,0,0,0
36141,27,2,0,0,0
36181,6,0,0,0,0
36121,27,4,0,0,0
36081,6,0,0,0,0
36061,6,0,0,0,0
36041,6,0,0,0,0
36021,14,2,0,0,0
36001,27,2,0,0,0
35981,29,2,0,0,0
35961,30,8,0,0,0
35861,6,0,0,0,0
35801,13,3,0,0,0
35821,27,2,0,0,0
35941,29,2,0,0,0
35781,6,0,0,0,0
35741,27,11,0,0,0
35901,6,0,0,0,0
35721,29,3,0,0,0
35701,6,0,0,0,0
35681,13,3,0,0,0
35661,6,0,0,0,0
35641,6,0,0,0,0
35621,27,2,0,0,0
35601,24,7,0,0,0
35581,23,15,0,0,0
35461,5,1,0,0,0
35481,6,0,0,0,0
35541,24,5,0,0,0
35381,23,15,0,0,0
35421,12,4,0,0,0
35441,6,0,0,0,0
35201,22,16,0,0,0
35341,13,3,0,0,0
35321,25,4,0,0,0
35301,6,0,0,0,0
35281,6,0,0,0,0
35361,6,0,0,0,0
35221,31,1,0,0,0
35161,6,0,0,0,0
35081,31,1,0,0,0
35041,18,20,0,0,0
35101,6,0,0,0,0
35181,25,4,0,0,0
35121,6,0,0,0,0
35141,11,5,0,0,0
34981,6,0,0,0,0
34941,6,0,0,0,0
34921,6,0,0,0,0
34901,26,3,0,0,0
34881,30,2,0,0,0
34861,26,12,0,0,0
34961,14,2,0,0,0
34841,6,0,0,0,0
35001,30,2,0,0,0
34781,6,0,0,0,0
34741,6,0,0,0,0
34721,13,3,0,0,0
34701,27,2,0,0,0
34681,30,8,0,0,0
34641,0,0,0,6,0
34581,4,2,0,0,0
34561,27,2,0,0,0
34541,29,3,0,0,0
34601,15,1,0,0,0
34621,6,0,0,0,0
34521,31,7,0,0,0
34481,6,0,0,0,0
34441,12,4,0,0,0
34421,27,2,0,0,0
34401,30,2,0,0,0
34381,32,6,0,0,0
34501,0,0,0,6,0
34461,6,0,0,0,0
34301,6,0,0,0,0
34241,30,8,0,0,0
34321,6,0,0,0,0
34341,15,1,0,0,0
34361,0,0,0,6,0
34281,26,3,0,0,0
34261,30,2,0,0,0
34081,16,0,0,0,0
34221,0,0,0,6,0
34181,6,0,0,0,0
34041,27,2,0,0,0
34021,30,2,0,0,0
34001,30,8,0,0,0
34061,6,0,0,0,0
33901,28,4,0,0,0
34201,6,0,0,0,0
33961,26,3,0,0,0
33881,28,10,0,0,0
33941,16,0,0,0,0
33921,6,0,0,0,0
33761,30,2,0,0,0
33841,14,2,0,0,0
33821,6,0,0,0,0
33801,25,4,0,0,0
33781,6,0,0,0,0
33741,28,10,0,0,0
33661,23,6,0,0,0
33721,6,0,0,0,0
33701,13,3,0,0,0
33681,6,0,0,0,0
33641,29,3,0,0,0
33621,22,16,0,0,0
33601,30,2,0,0,0
33581,25,4,0,0,0
33561,6,0,0,0,0
33541,6,0,0,0,0
33521,22,16,0,0,0
33501,12,4,0,0,0
33481,29,3,0,0,0
33461,26,3,0,0,0
33441,6,0,0,0,0
33421,11,5,0,0,0
33401,17,21,0,0,0
33381,6,0,0,0,0
33361,30,2,0,0,0
33341,11,5,0,0,0
33321,26,3,0,0,0
33301,6,0,0,0,0
33281,6,0,0,0,0
33261,18,20,0,0,0
33241,17,21,0,0,0
33221,27,2,0,0,0
33201,6,0,0,0,0
33181,12,4,0,0,0
33161,30,2,0,0,0
33141,6,0,0,0,0
33121,29,0,0,0,0
33101,31,1,0,0,0
33081,6,0,0,0,0
33061,22,16,0,0,0
33041,6,0,0,0,0
33021,13,3,0,0,0
33001,6,0,0,0,0
32881,6,0,0,0,0
32961,28,4,0,0,0
32941,27,2,0,0,0
32921,13,3,0,0,0
32901,14,24,0,0,0
32781,13,3,0,0,0
32861,26,3,0,0,0
32841,6,0,0,0,0
32821,30,2,0,0,0
32801,21,17,0,0,0
32761,6,0,0,0,0
32641,16,22,0,0,0
32701,13,3,0,0,0
32681,29,3,0,0,0
32721,6,0,0,0,0
32741,25,4,0,0,0
32661,6,0,0,0,0
32521,13,25,0,0,0
32621,13,3,0,0,0
32601,6,0,0,0,0
32581,6,0,0,0,0
32561,29,3,0,0,0
32541,26,3,0,0,0
32441,26,3,0,0,0
32501,12,26,0,0,0
32481,12,4,0,0,0
32461,6,0,0,0,0
32401,28,4,0,0,0
32421,5,1,0,0,0
32301,6,0,0,0,0
32281,12,26,0,0,0
32321,4,2,0,0,0
32361,23,6,0,0,0
32341,12,4,0,0,0
32381,27,5,0,0,0
32141,15,23,0,0,0
32261,6,0,0,0,0
32221,19,10,0,0,0
32201,28,4,0,0,0
32181,12,4,0,0,0
32161,4,2,0,0,0
32101,6,0,0,0,0
32081,6,0,0,0,0
32061,12,4,0,0,0
32041,29,3,0,0,0
32021,13,25,0,0,0
32121,19,10,0,0,0
31801,5,11,0,0,0
31861,19,10,0,0,0
31841,6,0,0,0,0
31821,2,4,0,0,0
31781,13,25,0,0,0
32001,28,4,0,0,0
31681,5,1,0,0,0
31981,28,4,0,0,0
31661,6,0,0,0,0
31761,18,11,0,0,0
31641,14,2,0,0,0
31621,15,23,0,0,0
31961,24,3,0,5,0
31541,18,11,0,0,0
31561,12,4,0,0,0
31581,6,0,0,0,0
31501,15,23,0,0,0
31601,6,0,0,0,0
31941,23,4,0,5,0
31481,23,6,0,0,0
31461,5,1,0,0,0
31401,6,0,0,0,0
31421,12,4,0,0,0
31381,10,28,0,0,0
31301,25,4,0,0,0
31261,11,27,0,0,0
31321,10,6,0,0,0
31341,6,0,0,0,0
31921,25,2,0,5,0
31361,5,1,0,0,0
31901,24,3,0,5,0
31201,10,6,0,0,0
31181,23,6,0,0,0
31141,12,26,0,0,0
31221,5,1,0,0,0
31241,6,0,0,0,0
31101,6,0,0,0,0
31021,14,24,0,0,0
31121,5,1,0,0,0
31081,9,7,0,0,0
31061,26,3,0,0,0
31041,23,4,0,0,0
30901,14,24,0,0,0
31001,4,2,0,0,0
30981,3,3,0,0,0
30961,10,6,0,0,0
30941,28,1,0,0,0
30921,23,4,0,0,0
30801,23,4,0,0,0
30881,6,0,0,0,0
30861,4,2,0,0,0
30841,11,5,0,0,0
30821,27,2,0,0,0
30781,23,15,0,0,0
30701,28,1,0,0,0
30741,6,0,0,0,0
30761,4,2,0,0,0
30721,12,4,0,0,0
30681,25,2,0,0,0
30661,22,16,0,0,0
30621,2,4,0,0,0
30561,23,3,0,1,0
30541,15,23,0,0,0
30601,9,7,0,0,0
30641,6,0,0,0,0
30581,25,4,0,0,0
30461,12,4,0,0,0
30501,6,0,0,0,0
30521,28,1,0,0,0
30421,22,16,0,0,0
30441,24,2,0,1,0
30481,5,1,0,0,0
30301,21,17,0,0,0
30341,12,4,0,0,0
30381,26,3,0,0,0
30361,6,0,0,0,0
30321,24,2,0,1,0
30401,6,0,0,0,0
30201,24,2,0,1,0
30261,6,0,0,0,0
30221,12,4,0,0,0
30241,6,0,0,0,0
30181,21,17,0,0,0
30281,28,1,0,0,0
30161,6,0,0,0,0
30121,5,1,0,0,0
30061,20,18,0,0,0
30101,25,4,0,0,0
30081,23,3,0,0,0
30141,7,9,0,0,0
30001,12,4,0,0,0
29961,25,1,0,0,0
29941,28,10,0,0,0
29981,5,1,0,0,0
30041,28,1,0,0,0
30021,6,0,0,0,0
29821,25,1,0,0,0
29861,27,2,0,0,0
29881,6,0,0,0,0
29901,12,4,0,0,0
29921,5,1,0,0,0
29841,25,13,0,0,0
29781,12,4,0,0,0
29701,27,11,0,0,0
29721,20,0,0,7,0
29741,27,2,0,0,0
29801,6,0,0,0,0
29681,6,0,0,0,0
29601,12,0,0,0,0
29621,13,3,0,0,0
29561,27,2,0,0,0
29541,20,0,0,7,0
29521,30,8,0,0,0
29421,20,0,0,7,0
29661,6,0,0,0,0
29501,12,4,0,0,0
29481,6,0,0,0,0
29441,25,4,0,0,0
29401,26,12,0,0,0
28961,20,0,0,7,0
29641,6,0,0,0,0
28981,6,0,0,0,0
28781,26,12,0,0,0
28861,25,4,0,0,0
29081,12,4,0,0,0
28321,29,0,0,0,0
28281,6,0,0,0,0
28381,13,3,0,0,0
28361,22,16,0,0,0
28341,20,0,0,0,0
28301,6,0,0,0,0
28261,19,1,0,0,0
28161,31,7,0,0,0
28201,6,0,0,0,0
28181,29,0,0,0,0
28221,6,0,0,0,0
28241,12,4,0,0,0
28061,2,0,0,4,0
28121,29,9,0,0,0
28041,6,0,0,0,0
28081,26,3,0,0,0
28101,19,1,0,0,0
28141,11,5,0,0,0
27981,6,0,0,0,0
27961,2,0,0,4,0
28021,19,1,0,0,0
28001,12,4,0,0,0
27941,27,2,0,0,0
27921,30,8,0,0,0
27821,6,0,0,0,0
27801,29,9,0,0,0
27901,28,1,0,0,0
27861,14,2,0,0,0
27841,19,1,0,0,0
27881,2,0,0,4,0
27681,2,0,0,4,0
27781,13,3,0,0,0
27701,18,2,0,0,0
27741,28,10,0,0,0
27761,28,1,0,0,0
27721,6,0,0,0,0
27661,2,0,0,4,0
27641,29,9,0,0,0
27621,13,3,0,0,0
27601,20,0,0,0,0
27581,6,0,0,0,0
27561,27,2,0,0,0
27481,13,3,0,0,0
27461,6,0,0,0,0
27441,19,1,0,0,0
27541,5,1,0,0,0
27521,30,8,0,0,0
27501,28,1,0,0,0
27381,6,0,0,0,0
27341,12,4,0,0,0
27321,30,8,0,0,0
27421,19,1,0,0,0
27401,25,4,0,0,0
27361,6,0,0,0,0
27241,19,1,0,0,0
27201,26,12,0,0,0
27281,6,0,0,0,0
27301,6,0,0,0,0
27261,12,4,0,0,0
27221,28,1,0,0,0
27141,26,3,0,0,0
27081,19,1,0,0,0
27181,12,4,0,0,0
27101,6,0,0,0,0
27161,22,16,0,0,0
27121,6,0,0,0,0
27061,12,4,0,0,0
27001,6,0,0,0,0
26961,26,3,0,0,0
26981,6,0,0,0,0
27021,19,1,0,0,0
27041,20,18,0,0,0
26861,6,0,0,0,0
26841,18,2,0,0,0
26881,24,5,0,0,0
26901,6,0,0,0,0
26921,12,4,0,0,0
26941,15,23,0,0,0
26761,6,0,0,0,0
26821,26,3,0,0,0
26801,51,16,0,0,0
26781,19,1,0,0,0
26741,11,5,0,0,0
26721,6,0,0,0,0
26681,23,6,0,0,0
26701,5,1,0,0,0
26661,6,0,0,0,0
26601,20,0,0,0,0
26621,27,11,0,0,0
26641,12,4,0,0,0
26481,12,4,0,0,0
26581,6,0,0,0,0
26561,23,6,0,0,0
26541,20,0,0,0,0
26521,26,12,0,0,0
26501,4,2,0,0,0
26361,31,7,0,0,0
26441,6,0,0,0,0
26461,26,3,0,0,0
26421,11,5,0,0,0
26401,6,0,0,0,0
26381,20,0,0,0,0
26261,24,14,0,0,0
26341,6,0,0,0,0
26321,6,0,0,0,0
26241,23,6,0,0,0
26301,11,5,0,0,0
26281,20,0,0,0,0
26221,6,0,0,0,0
26161,31,7,0,0,0
26141,20,0,0,0,0
26121,11,5,0,0,0
26201,5,1,0,0,0
26181,24,5,0,0,0
26101,11,5,0,0,0
26081,6,0,0,0,0
26061,4,2,0,0,0
26041,19,1,0,0,0
26021,27,2,0,0,0
26001,31,7,0,0,0
25941,19,1,0,0,0
25921,26,3,0,0,0
25901,21,17,0,0,0
25881,5,1,0,0,0
25981,6,0,0,0,0
25961,13,3,0,0,0
25821,19,1,0,0,0
25781,24,5,0,0,0
25761,13,3,0,0,0
25841,6,0,0,0,0
25861,5,1,0,0,0
25801,22,16,0,0,0
25701,14,2,0,0,0
25641,21,17,0,0,0
25661,6,0,0,0,0
25741,5,1,0,0,0
25721,19,1,0,0,0
25681,24,5,0,0,0
25561,6,0,0,0,0
25521,25,4,0,0,0
25621,19,19,0,0,0
25601,19,1,0,0,0
25581,13,3,0,0,0
25541,5,1,0,0,0
25421,14,2,0,0,0
25441,6,0,0,0,0
25501,5,1,0,0,0
25481,19,1,0,0,0
25461,15,23,0,0,0
25401,24,5,0,0,0
25321,13,3,0,0,0
25341,19,1,0,0,0
25361,23,15,0,0,0
25381,25,4,0,0,0
25301,6,0,0,0,0
25281,6,0,0,0,0
25221,6,0,0,0,0
25241,6,0,0,0,0
25261,15,1,0,0,0
25201,26,3,0,0,0
25181,21,17,0,0,0
25161,19,1,0,0,0
25081,19,1,0,0,0
25061,20,18,0,0,0
25041,29,0,0,0,0
25141,6,0,0,0,0
25121,6,0,0,0,0
25101,15,1,0,0,0
24961,6,0,0,0,0
25001,25,2,0,0,0
25021,15,23,0,0,0
24981,6,0,0,0,0
24921,22,7,0,0,0
24941,15,1,0,0,0
24841,11,5,0,0,0
24901,2,0,0,4,0
24801,14,24,0,0,0
24881,22,7,0,0,0
24861,4,2,0,0,0
24821,26,1,0,0,0
24741,2,0,0,4,0
24781,21,17,0,0,0
24761,6,0,0,0,0
24721,25,2,0,0,0
24701,15,1,0,0,0
24681,26,3,0,0,0
24421,21,8,0,0,0
24441,23,4,0,0,0
24601,15,1,0,0,0
24461,8,0,0,4,0
24581,17,21,0,0,0
24481,2,0,0,4,0
24301,2,0,0,4,0
24401,6,0,0,0,0
24361,17,12,0,0,0
24381,14,24,0,0,0
24321,24,3,0,0,0
24341,14,2,0,0,0
24241,15,1,0,0,0
24281,24,14,0,0,0
24261,23,3,0,1,0
24221,22,7,0,0,0
24181,6,0,0,0,0
24121,38,16,0,0,0
24101,6,0,0,0,0
24061,21,8,0,0,0
24081,6,0,0,0,0
24161,22,4,0,1,0
24001,6,0,0,0,0
23941,19,10,0,0,0
23981,6,0,0,0,0
24041,23,3,0,1,0
24021,23,15,0,0,0
23961,14,2,0,0,0
23881,6,0,0,0,0
23921,13,3,0,0,0
23901,6,0,0,0,0
23861,24,2,0,1,0
23841,27,11,0,0,0
23821,25,4,0,0,0
23741,14,2,0,0,0
23721,6,0,0,0,0
23701,29,9,0,0,0
23801,6,0,0,0,0
23781,22,7,0,0,0
23761,24,2,0,0,0
23581,27,2,0,0,0
23621,6,0,0,0,0
23601,13,3,0,0,0
23641,23,15,0,0,0
23661,24,2,0,0,0
23681,6,0,0,0,0
23501,14,2,0,0,0
23481,11,27,0,0,0
23561,6,0,0,0,0
23521,22,7,0,0,0
23541,12,0,0,0,0
23461,21,5,0,1,0
23441,25,1,0,1,0
23401,6,0,0,0,0
23421,6,0,0,0,0
23381,24,14,0,0,0
23361,13,3,0,0,0
23341,25,4,0,0,0
23281,26,3,0,0,0
23301,23,3,0,1,0
23241,23,15,0,0,0
23261,14,2,0,0,0
23221,6,0,0,0,0
23321,4,2,0,0,0
23061,23,3,0,1,0
23121,6,0,0,0,0
23201,0,0,0,6,0
23101,19,16,0,3,0
23081,14,2,0,0,0
23041,26,3,0,0,0
22981,23,5,0,1,0
23001,14,2,0,0,0
22961,16,19,0,3,0
23181,0,0,0,6,0
22941,24,2,0,0,0
23021,6,0,0,0,0
22881,12,4,0,0,0
22841,6,0,0,0,0
23161,0,0,0,6,0
22861,24,4,0,1,0
22901,26,1,0,0,0
22921,27,8,0,3,0
22801,25,2,0,0,0
22741,6,0,0,0,0
23141,0,0,0,6,0
22761,13,3,0,0,0
22821,24,4,0,1,0
22781,26,9,0,3,0
22661,25,10,0,0,0
22641,25,3,0,1,0
22721,6,0,0,0,0
22701,24,3,0,0,0
22681,14,2,0,0,0
22601,15,1,0,0,0
22621,25,10,0,0,0
22581,6,0,0,0,0
22561,27,1,0,0,0
22541,26,2,0,0,0
22521,25,10,0,0,0
22501,27,1,0,0,0
22461,14,2,0,0,0
22441,5,1,0,0,0
22481,26,2,0,0,0
22361,21,14,0,0,0
22341,6,0,0,0,0
22421,16,0,0,0,0
22401,27,1,0,0,0
22381,26,2,0,0,0
22321,14,2,0,0,0
22241,24,4,0,0,0
22301,6,0,0,0,0
22261,28,0,0,0,0
22281,21,14,0,0,0
22141,27,1,0,0,0
22161,5,1,0,0,0
22221,17,18,0,0,0
22201,12,4,0,0,0
22181,23,5,0,0,0
22061,12,4,0,0,0
22121,21,14,0,0,0
22101,26,2,0,0,0
22081,5,1,0,0,0
22041,22,6,0,0,0
21921,25,3,0,0,0
21941,23,5,0,0,0
21961,12,4,0,0,0
22021,5,1,0,0,0
21981,21,14,0,0,0
21861,23,5,0,0,0
22001,4,4,0,4,0
21901,21,7,0,0,0
21881,12,4,0,0,0
21841,21,14,0,0,0
21821,21,7,0,0,0
21801,23,5,0,0,0
21781,14,2,0,0,0
21741,19,16,0,0,0
21761,6,0,0,0,0
21701,23,5,0,0,0
21661,18,10,0,0,0
21721,6,0,0,0,0
21641,15,1,0,0,0
21681,21,14,0,0,0
21621,6,0,0,0,0
21481,23,5,0,0,0
21461,19,16,0,0,0
21521,20,8,0,0,0
21501,15,1,0,0,0
21601,0,0,0,6,0
21441,18,10,0,0,0
21421,23,5,0,0,0
21401,16,0,0,0,0
21381,23,12,0,0,0
21341,26,2,0,0,0
21321,19,16,0,0,0
21301,24,4,0,0,0
21581,0,0,0,6,0
21361,16,0,0,0,0
21261,27,1,0,0,0
21561,0,0,0,6,0
21221,25,3,0,0,0
21281,16,0,0,0,0
21241,23,12,0,0,0
21541,0,0,0,6,0
21201,20,15,0,0,0
21181,15,1,0,0,0
21161,26,2,0,0,0
21141,28,0,0,0,0
21061,28,0,0,0,0
21121,25,10,0,0,0
21101,16,0,0,0,0
21081,26,2,0,0,0
20981,24,11,0,0,0
21041,27,1,0,0,0
21021,16,0,0,0,0
21001,28,0,0,0,0
20941,26,2,0,0,0
20901,28,7,0,0,0
20961,26,2,0,0,0
20921,15,1,0,0,0
20861,27,1,0,0,0
20821,26,2,0,0,0
20841,29,6,0,0,0
20881,15,1,0,0,0
20741,25,3,0,0,0
20781,15,1,0,0,0
20801,26,2,0,0,0
20761,25,10,0,0,0
20681,26,2,0,0,0
20721,15,1,0,0,0
20701,26,9,0,0,0
20661,26,2,0,0,0
20601,26,2,0,0,0
20641,15,1,0,0,0
20621,23,12,0,0,0
20581,27,1,0,0,0
20521,27,1,0,0,0
20561,27,1,0,0,0
20541,14,2,0,0,0
20501,25,10,0,0,0
20441,25,3,0,0,0
20481,27,1,0,0,0
20461,15,1,0,0,0
20421,23,12,0,0,0
20381,15,1,0,0,0
20401,27,1,0,0,0
20361,25,10,0,0,0
20341,27,1,0,0,0
20261,27,1,0,0,0
20321,27,1,0,0,0
20301,14,2,0,0,0
20281,21,14,0,0,0
20201,27,1,0,0,0
20241,23,5,0,0,0
20221,13,3,0,0,0
20181,18,17,0,0,0
20121,12,4,0,0,0
20161,25,3,0,0,0
20141,27,1,0,0,0
20101,18,17,0,0,0
20041,16,19,0,0,0
20081,12,4,0,0,0
20061,25,3,0,0,0
20021,24,4,0,0,0
19981,25,3,0,0,0
20001,12,4,0,0,0
19941,24,4,0,0,0
19961,17,18,0,0,0
19861,25,3,0,0,0
19921,21,14,0,0,0
19901,12,4,0,0,0
19881,24,4,0,0,0
19781,23,5,0,0,0
19801,24,4,0,0,0
19821,11,5,0,0,0
19841,18,17,0,0,0
19721,22,6,0,0,0
19761,23,5,0,0,0
19741,14,2,0,0,0
19701,15,20,0,0,0
19641,21,7,0,0,0
19681,24,4,0,0,0
19661,12,4,0,0,0
19501,17,18,0,0,0
19621,23,5,0,0,0
19601,11,5,0,0,0
19581,15,13,0,0,0
19481,13,22,0,0,0
19561,24,4,0,0,0
19521,14,14,0,0,0
19461,13,22,0,0,0
19541,10,6,0,0,0
19341,14,14,0,0,0
19321,12,4,0,0,0
19301,12,23,0,0,0
19361,24,4,0,0,0
19381,12,23,0,0,0
19441,12,4,0,0,0
19421,22,6,0,0,0
19401,12,16,0,0,0
19161,14,14,0,0,0
19281,24,4,0,0,0
19101,10,25,0,0,0
19221,11,5,0,0,0
19141,19,9,0,0,0
19201,12,4,0,0,0
19261,24,4,0,0,0
19081,12,23,0,0,0
19181,12,4,0,0,0
19241,24,4,0,0,0
19061,15,20,0,0,0
19121,17,11,0,0,0
19001,12,4,0,0,0
19041,20,8,0,0,0
19021,13,15,0,0,0
18981,14,21,0,0,0
18921,12,4,0,0,0
18961,22,6,0,0,0
18941,15,13,0,0,0
18901,12,23,0,0,0
18821,6,29,0,0,0
18881,22,6,0,0,0
18861,12,4,0,0,0
18841,10,18,0,0,0
18741,5,30,0,0,0
18801,21,7,0,0,0
18761,10,18,0,0,0
18781,13,3,0,0,0
18681,15,13,0,0,0
18721,22,6,0,0,0
18701,14,2,0,0,0
18661,8,27,0,0,0
18601,23,5,0,0,0
18641,12,16,0,0,0
18621,13,3,0,0,0
18581,12,23,0,0,0
18481,13,15,0,0,0
18561,23,5,0,0,0
18501,12,4,0,0,0
18461,10,25,0,0,0
18401,23,5,0,0,0
18441,14,2,0,0,0
18421,25,3,0,0,0
18381,21,14,0,0,0
18221,25,3,0,0,0
18201,24,4,0,0,0
18181,20,15,0,0,0
18361,14,2,0,0,0
18041,25,10,0,0,0
18061,14,2,0,0,0
18081,23,5,0,0,0
18101,25,3,0,0,0
17761,25,10,0,0,0
17801,14,2,0,0,0
17821,22,6,0,0,0
17781,25,3,0,0,0
17741,23,5,0,0,0
17701,24,4,0,0,0
17681,21,14,0,0,0
17721,14,2,0,0,0
16621,23,5,0,0,0
16641,35,9,0,0,0
16661,24,4,0,0,0
16601,21,14,0,0,0
15981,19,16,0,0,0
16181,22,6,0,0,0
16581,11,5,0,0,0
16381,21,7,0,0,0
16361,22,6,0,0,0
16161,24,4,0,0,0
16561,11,5,0,0,0
15961,23,12,0,0,0
16341,23,5,0,0,0
16541,13,3,0,0,0
16141,22,6,0,0,0
15921,22,13,0,0,0
16521,13,3,0,0,0
16321,22,6,0,0,0
15841,25,10,0,0,0
16121,21,7,0,0,0
16301,26,2,0,0,0
15821,28,7,0,0,0
16501,13,3,0,0,0
16101,23,5,0,0,0
15801,26,9,0,0,0
16281,27,1,0,0,0
16081,24,4,0,0,0
16481,10,6,0,0,0
16261,25,3,0,0,0
16461,10,6,0,0,0
15781,27,8,0,0,0
16061,26,2,0,0,0
16241,26,2,0,0,0
15761,29,6,0,0,0
16041,26,2,0,0,0
16441,10,6,0,0,0
16021,27,1,0,0,0
16421,10,6,0,0,0
16221,25,3,0,0,0
15741,26,9,0,0,0
16001,27,1,0,0,0
16201,25,3,0,0,0
15721,26,9,0,0,0
16401,13,3,0,0,0
18341,26,2,0,0,0
17041,29,6,0,0,0
18161,24,4,0,0,0
18281,13,3,0,0,0
18141,23,5,0,0,0
18321,27,1,0,0,0
17021,26,9,0,0,0
18261,13,3,0,0,0
18301,25,3,0,0,0
17001,25,10,0,0,0
18241,13,3,0,0,0
18121,26,2,0,0,0
18021,27,1,0,0,0
17661,13,3,0,0,0
17361,26,2,0,0,0
16981,25,10,0,0,0
18001,27,1,0,0,0
16961,25,10,0,0,0
17341,26,2,0,0,0
17641,13,3,0,0,0
17981,28,0,0,0,0
17621,13,3,0,0,0
17321,27,1,0,0,0
16941,20,15,0,0,0
17961,27,1,0,0,0
17601,12,4,0,0,0
16921,15,20,0,0,0
17301,21,7,0,0,0
17941,27,1,0,0,0
17581,12,4,0,0,0
16901,24,11,0,0,0
17281,27,1,0,0,0
17921,27,1,0,0,0
16881,24,11,0,0,0
17261,27,1,0,0,0
17561,12,4,0,0,0
17901,27,1,0,0,0
16861,24,11,0,0,0
17241,27,1,0,0,0
17541,12,4,0,0,0
17881,24,2,0,2,0
17521,12,4,0,0,0
16841,25,10,0,0,0
17221,26,2,0,0,0
17201,25,3,0,0,0
17861,24,2,0,2,0
16821,25,10,0,0,0
17501,13,3,0,0,0
17481,13,3,0,0,0
17181,24,4,0,0,0
17841,23,3,0,2,0
16801,25,10,0,0,0
17461,13,3,0,0,0
16781,24,11,0,0,0
17161,26,2,0,0,0
15701,25,1,0,2,0
15681,23,3,0,1,0
17441,13,3,0,0,0
16761,26,9,0,0,0
17141,25,3,0,0,0
15661,26,1,0,0,0
17421,13,3,0,0,0
16741,21,14,0,0,0
17121,24,4,0,0,0
15641,24,3,0,0,0
17101,26,2,0,0,0
16721,23,12,0,0,0
17401,13,3,0,0,0
15621,26,1,0,0,0
17081,26,2,0,0,0
16701,25,10,0,0,0
17381,13,3,0,0,0
15281,22,13,0,0,0
15261,26,2,0,0,0
15181,13,3,0,0,0
15001,25,2,0,0,0
15021,0,0,0,27,0
15161,0,0,0,16,0
15241,0,0,0,28,0
14981,20,15,0,0,0
14901,15,20,0,0,0
15041,20,7,0,0,0
8381,0,0,0,28,0
15141,0,0,0,16,0
15061,21,6,0,0,0
14881,12,23,0,0,0
15121,0,0,0,16,0
15221,0,0,0,28,0
15081,22,5,0,0,0
15101,0,0,0,16,0
14861,11,24,0,0,0
15201,0,0,0,28,0
14841,15,20,0,0,0
15601,23,4,0,0,0
14821,12,23,0,0,0
15581,22,5,0,0,0
15561,22,5,0,0,0
14801,16,19,0,0,0
15541,24,3,0,0,0
14781,13,22,0,0,0
14761,12,23,0,0,0
15521,0,0,0,27,0
14961,14,21,0,0,0
15501,22,5,0,0,0
15481,23,6,0,0,0
14941,11,24,0,0,0
15461,27,2,0,0,0
14921,17,18,0,0,0
14741,12,23,0,0,0
15441,23,6,0,0,0
14721,8,27,0,0,0
15421,25,4,0,0,0
15401,18,11,0,0,0
14701,10,25,0,0,0
15381,0,0,0,29,0
14681,17,18,0,0,0
14661,14,23,0,0,0
15361,0,0,0,29,0
15341,0,0,0,29,0
14641,24,13,0,0,0
15321,0,0,0,29,0
14621,25,12,0,0,0
14541,18,19,0,0,0
14561,12,4,0,0,0
14581,0,0,0,20,0
14481,9,7,0,0,0
14501,0,0,0,20,0
14461,22,15,0,0,0
15301,0,0,0,29,0
14401,9,7,0,0,0
14421,0,0,0,20,0
14381,25,12,0,0,0
14361,9,7,0,0,0
14341,0,0,0,20,0
14321,20,17,0,0,0
14081,8,4,0,0,0
14221,9,7,0,0,0
14021,19,18,0,0,0
17061,7,5,0,0,0
14001,17,20,0,0,0
14141,0,0,0,20,0
14201,10,6,0,0,0
14061,8,4,0,0,0
14121,0,0,0,20,0
14181,12,4,0,0,0
13981,17,20,0,0,0
14041,2,10,0,0,0
14161,12,4,0,0,0
14101,0,0,0,20,0
13961,15,22,0,0,0
9341,3,9,0,0,0
12421,0,0,0,16,0
9181,16,21,0,0,0
9441,0,6,19,0,2
9321,5,7,0,0,0
12401,0,0,0,16,0
9161,32,33,0,3,0
9421,0,0,0,27,0
9481,10,2,0,0,0
9401,0,0,0,54,0
12381,0,0,0,16,0
9141,15,17,0,3,0
9381,0,0,0,27,0
12361,0,0,0,16,0
9241,7,5,0,0,0
9121,18,14,0,3,0
9221,7,5,0,0,0
9361,0,0,0,27,0
9101,18,14,0,3,0
9201,11,1,0,0,0
9081,18,14,0,3,0
9061,19,13,0,0,0
8481,0,0,0,11,0
8341,0,0,0,20,0
6901,0,0,0,32,0
8501,0,0,0,11,0
8521,0,0,0,11,0
6881,18,12,0,2,0
8361,18,2,0,0,0
8541,0,0,0,11,0
6861,15,15,0,2,0
13921,16,4,0,0,0
6841,17,13,0,2,0
8401,18,2,0,0,0
6821,15,15,0,0,0
13561,0,0,0,11,0
13901,0,0,0,20,0
7061,2,1,0,0,0
13541,0,0,0,11,0
13881,0,0,0,20,0
6801,14,16,0,0,0
13861,0,0,0,20,0
6781,15,15,0,0,0
13481,0,0,0,11,0
13841,0,0,0,20,0
6761,11,19,0,0,0
13441,0,1,2,0,8
6741,18,12,0,0,0
13421,0,1,2,0,8
13801,0,0,0,20,0
6721,17,13,0,0,0
13401,0,1,2,0,8
6701,15,15,0,0,0
13381,0,1,3,0,7
6681,15,15,0,0,0
13741,19,1,0,0,0
13721,18,2,0,0,0
13361,0,1,3,0,7
6661,16,14,0,0,0
13341,0,2,4,0,5
13701,18,2,0,0,0
6641,18,12,0,0,0
13321,0,2,4,0,5
6621,15,15,0,0,0
13681,18,2,0,0,0
13301,0,2,4,0,5
13661,18,2,0,0,0
6601,16,14,0,0,0
13281,0,2,4,0,5
13641,18,2,0,0,0
6581,17,13,0,0,0
13261,0,2,4,0,5
6561,17,13,0,0,0
13621,18,2,0,0,0
13601,18,2,0,0,0
13941,0,2,4,0,5
6541,14,16,0,0,0
13241,0,2,4,0,5
13581,0,0,0,20,0
6121,13,17,0,0,0
6101,0,1,4,11,6
6081,0,0,0,20,0
5921,1,2,0,27,0
5721,0,0,0,38,0
6061,0,0,0,20,0
5701,0,0,0,30,0
5741,0,0,0,11,0
5681,0,0,0,30,0
6041,0,0,0,20,0
5761,0,0,0,11,0
5661,0,0,0,30,0
6021,0,0,0,19,0
5781,0,0,0,11,0
5981,17,3,0,0,0
5641,0,0,0,30,0
5961,0,0,0,20,0
5801,0,0,0,11,0
5621,0,0,0,30,0
5941,0,0,0,19,0
5821,0,0,0,11,0
5601,0,0,0,30,0
5561,0,0,0,39,0
5581,0,1,5,0,5
5541,0,1,5,30,5
5521,16,4,0,0,0
5481,0,0,0,30,0
5501,0,0,0,11,0
5441,0,0,0,30,0
5461,0,0,0,11,0
13181,16,4,0,0,0
13161,17,3,0,0,0
5421,0,0,6,12,5
5321,0,0,0,59,0
5401,0,2,5,0,4
5301,0,0,0,30,0
6521,7,23,0,0,0
13141,0,0,0,20,0
5381,0,1,4,0,6
13121,0,0,0,20,0
13101,0,0,0,20,0
6501,13,17,0,0,0
12681,0,1,5,0,5
13081,0,0,0,20,0
6481,9,21,0,0,0
12661,0,1,4,0,6
12641,0,2,4,0,5
6461,17,13,0,0,0
12621,0,3,5,0,3
6441,25,5,0,0,0
12601,0,3,4,0,4
6421,24,6,0,0,0
12581,0,3,5,0,3
6401,21,9,0,0,0
6381,20,10,0,0,0
12561,0,2,6,0,3
12541,0,0,5,0,6
6341,19,11,0,0,0
12521,0,0,5,0,6
6321,20,10,0,0,0
12501,0,0,6,0,5
6301,20,10,0,0,0
12481,0,0,6,0,5
6281,18,12,0,0,0
12461,0,0,6,0,5
6261,26,4,0,0,0
6241,23,7,0,0,0
12441,0,0,6,0,5
6221,19,11,0,30,0
7041,0,0,4,0,7
7021,0,1,3,0,7
6361,21,9,0,0,0
7001,0,0,0,11,0
6201,22,8,0,0,0
6981,0,0,0,11,0
6181,20,10,0,0,0
6961,0,0,0,11,0
6161,24,6,0,0,0
6141,24,6,0,0,0
6941,0,0,0,11,0
8161,27,3,0,0,0
8141,26,4,0,0,0
8121,27,3,0,0,0
8101,24,6,0,0,0
8081,25,5,0,0,0
8061,21,9,0,0,0
8041,22,8,0,0,0
8021,19,11,0,0,0
8001,0,0,0,30,0
7981,0,0,0,30,0
7961,0,0,0,30,0
7941,19,11,0,0,0
7921,22,8,0,0,0
7901,21,9,0,0,0
7881,44,16,0,0,0
7861,23,7,0,0,0
7841,0,0,0,30,0
7821,0,0,0,30,0
7801,20,10,0,0,0
7781,23,7,0,0,0
7761,18,12,0,0,0
7741,12,18,0,0,0
7721,15,15,0,0,0
7701,15,15,0,0,0
7681,16,14,0,0,0
7661,13,17,0,0,0
7641,20,10,0,0,0
7621,16,14,0,0,0
7601,19,11,0,0,0
7581,18,12,0,0,0
7561,19,11,0,0,0
7541,8,22,0,0,0
7521,24,6,0,0,0
7501,22,8,0,0,0
7461,23,7,0,0,0
7441,22,8,0,0,0
7421,23,7,0,0,0
7401,22,8,0,0,0
7381,0,0,0,30,0
7361,0,0,0,30,0
7341,0,0,0,30,0
7321,15,15,0,0,0
7301,21,9,0,0,0
7281,22,8,0,0,0
7261,17,13,0,0,0
7241,24,6,0,0,0
9041,23,7,0,0,0
9021,21,9,0,0,0
9001,11,19,0,0,0
8981,23,7,0,0,0
8961,22,8,0,0,0
8941,18,12,0,0,0
8921,17,13,0,0,0
8901,19,11,0,0,0
8881,21,9,0,0,0
8861,12,18,0,0,0
8841,23,7,0,0,0
8821,22,8,0,0,0
8801,22,8,0,0,0
8781,18,12,0,0,0
8761,21,9,0,0,0
8741,22,8,0,0,0
8721,21,9,0,0,0
8701,21,9,0,0,0
8681,23,7,0,0,0
8661,40,20,0,0,0
8641,17,13,0,0,0
8621,0,0,0,30,0
8601,21,9,0,30,0
8581,0,0,0,60,0
8561,0,0,0,30,0
10321,24,6,0,0,0
10301,24,6,0,0,0
10281,22,8,0,0,0
10261,25,5,0,0,0
10241,53,7,0,0,0
10221,28,2,0,0,0
10201,0,0,0,30,0
10181,0,0,0,30,0
10161,0,0,0,30,0
10121,0,0,0,30,0
10101,0,0,0,30,0
10081,21,9,0,0,0
10061,22,8,0,0,0
10041,24,6,0,0,0
10021,21,9,0,0,0
10001,46,14,0,0,0
9981,18,12,0,0,0
9961,21,9,0,0,0
9941,19,11,0,0,0
9921,0,0,0,30,0
9901,0,0,0,30,0
9881,0,0,0,30,0
9861,0,0,0,30,0
9841,0,0,0,30,0
9821,0,0,0,30,0
9801,0,0,0,30,0
9781,0,0,0,30,0
9761,0,0,0,30,0
9741,0,0,0,30,0
9721,0,0,0,30,0
9701,0,0,0,30,0
9681,0,0,0,30,0
9661,0,0,0,30,0
9641,0,0,0,30,0
9621,0,0,0,30,0
9601,25,5,0,0,0
9581,24,6,0,0,0
9561,24,6,0,0,0
9541,0,0,0,30,0
9521,0,0,0,30,0
9501,0,0,0,30,0
10941,0,0,0,30,0
10921,28,2,0,0,0
10901,29,1,0,0,0
10881,28,2,0,0,0
10861,25,5,0,0,0
10841,27,3,0,0,0
10821,25,5,0,0,0
10801,25,5,0,0,0
10781,25,5,0,0,0
10761,26,4,0,0,0
10741,21,9,0,0,0
10721,27,3,0,0,0
10701,26,3,0,1,0
10681,0,0,0,30,0
10661,0,0,0,30,0
10641,0,0,0,30,0
10621,0,0,0,30,0
10601,0,0,0,30,0
10581,0,0,0,30,0
10561,0,0,0,30,0
10541,0,0,0,30,0
10521,0,0,0,30,0
10501,0,0,0,30,0
10481,0,0,0,30,0
10461,26,4,0,0,0
10441,26,4,0,0,0
10401,29,1,0,0,0
10381,26,4,0,0,0
10361,23,7,0,0,0
10341,0,0,0,30,0
11681,0,0,0,30,0
11661,0,0,0,30,0
11641,29,1,0,0,0
11621,30,0,0,0,0
11601,29,1,0,0,0
11581,0,0,0,30,0
11561,0,0,0,30,0
11541,0,0,0,30,0
11521,25,5,0,0,0
11501,25,5,0,0,0
11481,24,6,0,0,0
11461,25,5,0,0,0
11441,28,2,0,0,0
11421,27,3,0,0,0
11401,26,4,0,0,0
11381,26,4,0,0,0
11361,26,4,0,0,0
11341,25,5,0,0,0
11321,0,0,0,30,0
11301,0,0,0,30,0
11281,0,0,0,30,0
11261,0,0,0,60,0
11241,0,0,0,30,0
11221,0,0,0,30,0
11201,0,0,0,30,0
11181,0,0,0,30,0
11161,0,0,0,30,0
11141,0,0,0,30,0
11121,27,3,0,0,0
11101,0,0,0,30,0
11081,0,0,0,30,0
11061,0,0,0,30,0
11041,0,0,0,30,0
11021,0,0,0,30,0
11001,0,0,0,30,0
10981,0,0,0,30,0
10961,0,0,0,60,0
12321,0,0,0,30,0
12301,0,0,0,30,0
12281,0,0,0,30,0
12261,24,6,0,0,0
12241,23,7,0,0,0
12221,25,5,0,0,0
12201,26,4,0,0,0
12181,0,0,0,30,0
12161,0,0,0,30,0
12141,0,0,0,30,0
12121,0,0,0,30,0
12101,0,0,0,30,0
12081,0,0,0,30,0
12061,0,0,0,30,0
12341,0,0,0,30,0
12041,0,0,0,30,0
12021,0,0,0,30,0
12001,0,0,0,30,0
11981,0,0,0,30,0
11961,0,0,0,30,0
11941,0,0,0,30,0
11921,0,0,0,30,0
11901,0,0,0,30,0
11881,0,0,0,30,0
11861,0,0,0,30,0
11841,0,0,0,30,0
11821,27,3,0,0,0
11801,27,3,0,0,0
11781,0,0,0,30,0
11761,0,0,0,30,0
11741,0,0,0,30,0
11721,0,0,0,30,0
